smsreg,21731,2012-02,2018-12
airpush,9435,2012-01,2018-07
dowgin,5614,2012-06,2018-11
smspay,4074,2012-02,2018-12
shedun,3956,2014-06,2018-12
boxer,3025,2012-01,2018-06
triada,2777,2015-01,2018-11
youmi,2295,2012-02,2018-11
kuguo,2228,2012-02,2018-11
fakeinst,1752,2012-01,2018-07
adwo,1742,2012-01,2018-11
mecor,1638,2013-09,2016-03
skymobi,1537,2013-05,2018-09
opfake,1417,2012-01,2018-08
fusob,1304,2015-04,2018-07
waps,1122,2012-01,2018-12
dnotua,1071,2012-09,2018-12
secapk,1048,2013-09,2018-11
artemis,979,2012-01,2018-12
wapsx,963,2012-02,2018-08
hiddenads,723,2014-08,2018-07
hiddad,698,2015-11,2018-11
hiddenapp,625,2014-07,2018-07
plankton,584,2012-01,2018-07
admogo,580,2012-02,2018-07
smforw,555,2013-05,2018-11
utchi,553,2012-11,2018-07
smsspy,542,2012-03,2018-11
appquanta,536,2013-10,2018-06
lotoor,521,2012-01,2018-06
umpay,482,2012-09,2018-12
fakeapp,477,2012-02,2018-12
inoco,446,2014-08,2018-06
ewind,437,2013-03,2018-11
mseg,414,2013-07,2018-06
smsagent,394,2012-04,2018-07
congur,389,2015-10,2018-07
zdtad,381,2013-10,2018-06
systemmonitor,380,2013-10,2017-12
leadbolt,377,2012-02,2018-07
kungfu,362,2012-01,2018-06
hqwar,358,2015-08,2018-11
domob,358,2012-01,2018-07
fakebank,350,2014-01,2018-07
kyview,342,2012-06,2018-11
adflex,340,2013-10,2018-06
smskey,333,2012-08,2018-07
mobilepay,323,2016-03,2018-07
feiad,319,2013-10,2017-02
boqx,311,2012-11,2018-06
moplus,306,2014-05,2017-05
minimob,295,2013-07,2018-06
droidkungfu,291,2012-01,2018-06
jedan,285,2013-03,2018-06
wooboo,279,2012-02,2018-07
erop,277,2013-05,2016-02
ztorg,274,2015-05,2018-07
cimsci,269,2013-09,2017-04
addisplay,267,2012-08,2018-06
piom,264,2013-08,2018-12
gingermaster,262,2013-01,2018-07
adswo,261,2012-02,2018-11
batmobi,246,2016-08,2016-11
rootnik,241,2014-03,2018-08
sprovider,226,2015-01,2018-06
mobidash,226,2014-08,2018-08
drolock,222,2018-03,2018-07
jiagu,212,2014-12,2018-12
ginmaster,208,2012-02,2018-07
kingroot,208,2013-09,2018-11
jisut,200,2014-06,2018-06
belesak,198,2018-06,2018-06
gepew,195,2013-12,2016-07
gumen,174,2013-09,2018-07
gbqcu,166,2013-12,2018-06
bips,163,2014-03,2018-03
apptrack,163,2014-03,2018-10
wroba,156,2013-08,2018-12
torec,155,2014-04,2015-12
igexin,154,2013-05,2018-07
feejar,154,2013-03,2018-06
svpeng,149,2013-09,2018-06
mobwin,146,2012-06,2018-07
droidrooter,143,2012-10,2018-08
slocker,138,2014-03,2018-07
nqshield,135,2014-04,2015-06
lardlond,131,2017-07,2017-12
wkload,130,2013-10,2017-10
koler,128,2014-05,2018-07
kmin,125,2012-06,2017-03
drosel,120,2014-02,2016-08
styricka,117,2015-05,2018-11
smsthief,117,2012-12,2018-06
androrat,115,2012-12,2018-07
gdimb,107,2018-06,2018-07
dianle,106,2013-05,2018-03
qysly,106,2014-03,2018-06
simplocker,105,2014-05,2016-01
mulad,104,2012-11,2018-07
noiconads,103,2014-07,2015-02
anzhi,102,2013-09,2013-12
autoins,101,2014-09,2018-11
autosms,100,2014-02,2018-06
fobus,100,2014-01,2018-06
gepat,100,2014-12,2015-02
nandrobox,98,2012-03,2018-11
apofer,98,2012-07,2016-12
dianjin,94,2013-04,2016-03
viser,93,2012-04,2018-07
mobclick,93,2012-07,2018-07
jsmshider,91,2012-04,2017-11
vnapstore,89,2015-02,2016-11
tekwon,89,2012-10,2018-07
uupay,88,2012-11,2016-11
ransomkd,85,2014-12,2018-07
frupi,83,2012-11,2018-02
adlock,81,2018-02,2018-11
hadoro,81,2016-05,2016-07
kalfere,80,2015-02,2018-06
wapron,80,2016-02,2018-11
fakenotify,79,2012-01,2013-10
andup,78,2013-06,2018-07
robtes,76,2018-06,2018-06
revo,73,2015-11,2018-11
appoffer,73,2012-02,2018-07
cve,72,2013-04,2018-06
blouns,70,2016-05,2018-06
fictus,69,2014-12,2018-06
hypay,68,2016-01,2018-11
mgyun,68,2014-03,2016-09
commplat,67,2012-11,2018-01
asacub,67,2016-02,2018-06
lockscreen,63,2014-12,2018-06
simpatchy,63,2014-04,2016-12
ksapp,62,2012-02,2018-06
winge,62,2013-04,2014-05
revmob,62,2013-04,2018-07
pornvideo,60,2016-04,2018-12
gappusin,60,2012-02,2014-04
yekrand,57,2014-09,2018-06
spyagent,56,2014-05,2018-07
kyvu,53,2013-03,2018-09
ganlet,52,2012-07,2018-06
ramnit,52,2014-10,2018-08
masnu,51,2013-10,2016-11
golddream,51,2012-01,2017-09
metasploit,51,2017-10,2018-07
rooter,50,2013-05,2018-06
cyfin,48,2015-01,2018-12
mobtes,48,2012-01,2018-06
mmarketpay,46,2012-10,2015-04
moavt,45,2013-01,2018-07
boogr,45,2015-04,2018-11
gorpo,45,2015-01,2016-06
baiduprotect,45,2015-06,2018-07
fjcon,44,2012-08,2016-11
spyoo,44,2012-03,2018-07
gudex,43,2013-08,2018-07
seldor,43,2014-07,2018-07
levida,42,2015-04,2016-05
torjok,42,2013-10,2014-10
ogel,41,2013-09,2015-05
zitmo,41,2012-04,2016-08
tencentprotect,40,2016-01,2018-10
pletor,40,2014-05,2015-07
pushad,40,2012-10,2018-07
gugi,39,2016-03,2018-06
faketoken,36,2013-04,2018-06
fengvi,35,2013-09,2018-07
obad,35,2013-05,2018-06
koomer,35,2012-09,2018-09
joye,35,2013-08,2016-02
coinminer,34,2017-11,2018-07
feiwo,34,2013-12,2018-11
updtkiller,34,2012-09,2015-09
cova,33,2013-10,2014-10
paycall,33,2014-10,2018-06
gingerbreak,32,2012-02,2018-06
stopsms,32,2013-11,2014-05
zadmo,32,2016-12,2017-10
gidix,32,2013-11,2014-10
cheica,31,2015-03,2016-07
fakengry,30,2012-02,2018-09
roop,30,2015-10,2016-04
mogap,30,2013-07,2013-10
cynos,29,2014-01,2018-07
xinyinhe,29,2014-07,2018-04
vmvol,28,2013-06,2018-06
recal,28,2014-04,2015-04
gxysm,28,2012-11,2015-04
fujacks,27,2012-06,2016-03
vidro,27,2013-06,2018-06
fadeb,27,2014-10,2018-11
kasandra,27,2014-07,2018-07
fakeav,27,2013-05,2018-06
fakedoc,27,2012-01,2018-07
tocrenu,27,2013-12,2015-01
gbqdy,26,2016-12,2018-07
smsbot,26,2012-10,2018-06
bankun,26,2013-09,2015-06
gxxce,25,2014-11,2015-04
cryxos,25,2015-04,2018-06
climap,24,2013-10,2018-06
xinyin,24,2015-01,2018-06
easyroot,24,2013-12,2015-04
fakeupdates,24,2012-02,2018-06
phonespy,24,2014-04,2018-06
callflakes,23,2013-10,2018-07
fakeangry,23,2012-11,2015-03
appad,23,2014-02,2017-11
ldpinch,23,2012-08,2015-09
mobiletx,22,2012-02,2013-11
qdplugin,22,2012-09,2015-04
aples,21,2014-07,2015-12
jifake,21,2012-01,2014-03
ubsod,21,2016-08,2018-06
oveead,21,2013-08,2017-02
bfire,20,2015-09,2016-02
gamclk,20,2017-08,2018-11
adviator,20,2015-05,2017-02
boxersms,20,2012-02,2014-02
trjdown,19,2014-11,2017-01
ddlight,19,2012-03,2018-06
secneo,19,2015-11,2018-12
cooee,19,2014-07,2016-03
goldentouch,19,2012-11,2014-08
cardserv,19,2013-03,2014-05
suad,19,2013-12,2015-03
xynyin,19,2014-08,2016-12
smszombie,19,2012-08,2018-06
uten,18,2013-07,2018-07
lezok,18,2016-02,2018-07
fakeplayer,18,2012-02,2015-06
penetho,18,2012-02,2013-10
loapi,18,2018-03,2018-07
roversa,17,2016-09,2017-03
mobisec,17,2015-02,2017-08
oimobi,17,2015-09,2016-11
uapush,17,2012-06,2014-03
gluper,17,2016-03,2018-06
gxabc,17,2014-04,2015-05
loki,17,2015-11,2017-08
epatroa,17,2018-03,2018-06
tebak,16,2013-10,2015-05
wiyun,16,2012-02,2016-02
fogod,16,2015-01,2015-12
scamapp,15,2014-05,2016-04
basebridge,15,2012-01,2014-05
wintertiger,15,2014-05,2016-05
sisnit,15,2016-07,2018-06
eldorado,15,2014-04,2018-06
wifikill,15,2013-01,2015-09
podec,15,2014-10,2018-06
pjapps,14,2012-01,2014-06
fakeflash,14,2012-05,2017-02
faketimer,14,2012-02,2013-04
bankbot,14,2016-02,2018-06
callpay,14,2014-10,2018-06
shastrosms,13,2012-08,2013-12
steek,13,2012-01,2012-10
gedma,13,2013-01,2018-06
douwan,13,2013-10,2015-06
misosms,13,2014-01,2014-09
soobek,13,2015-01,2016-04
zhui,13,2013-12,2015-04
pesabti,13,2015-04,2016-02
pandaad,13,2013-12,2018-06
hyspu,13,2014-05,2018-07
genbl,13,2013-12,2018-03
qumi,12,2013-11,2018-07
spybubble,12,2012-08,2013-09
yzhc,12,2012-05,2014-12
shuame,12,2017-01,2018-08
lovetrap,12,2012-05,2018-07
gxyfr,12,2014-08,2015-02
binka,11,2013-11,2016-03
ganbunk,11,2015-01,2015-11
helir,11,2014-01,2014-10
avpass,11,2015-10,2016-12
mobilespy,11,2012-03,2015-06
telman,11,2013-10,2014-07
ratc,11,2012-02,2016-09
mimobsms,11,2014-01,2015-07
hummer,11,2016-07,2018-07
geinimi,10,2012-02,2013-06
finspy,10,2014-08,2014-08
univert,10,2013-11,2013-11
tispy,10,2014-03,2018-06
axent,10,2013-11,2018-07
mobby,10,2016-09,2018-08
gmbot,10,2016-02,2016-04
gamex,10,2012-05,2012-10
dadmo,10,2015-10,2017-04
lijo,10,2013-04,2018-06
meds,10,2013-06,2013-11
noico,10,2015-04,2015-04
tajawabar,10,2014-05,2015-05
vpsdrop,10,2015-11,2018-12
webapp,10,2014-10,2016-02
smaps,9,2015-05,2017-04
saho,9,2014-10,2014-11
ocikq,9,2017-03,2018-07
fakerun,9,2012-05,2012-12
anydown,9,2015-03,2018-06
fakepatch,9,2014-02,2016-06
shixot,9,2014-02,2014-05
wificrack,9,2013-09,2018-05
gxyor,9,2014-11,2015-06
mobcore,9,2018-06,2018-06
seaweth,8,2012-01,2013-11
subspod,8,2016-04,2017-05
imlog,8,2012-04,2013-08
nativead,8,2015-10,2016-12
symkob,8,2015-03,2015-04
nopoc,8,2013-05,2013-09
koogame,8,2013-12,2015-05
batmob,8,2015-06,2017-01
gxabd,8,2013-05,2015-04
yeahmobi,8,2015-12,2016-12
tattoohack,8,2012-08,2018-06
perkel,7,2013-04,2013-06
hiddenad,7,2014-02,2018-06
droidsheep,7,2012-05,2018-06
droidap,7,2013-03,2015-02
autosus,7,2016-08,2017-04
trackplus,7,2012-12,2017-08
tediss,7,2015-03,2015-05
iadpush,7,2012-11,2015-01
dingwe,7,2013-12,2018-05
enoket,7,2016-01,2016-12
fyec,7,2016-12,2017-10
boomp,7,2015-04,2015-11
battpatch,7,2014-11,2016-04
acecard,7,2015-12,2015-12
fakeguard,7,2012-10,2013-09
dsploit,7,2012-11,2015-03
droidcoupon,7,2012-06,2012-09
odpa,7,2012-11,2016-07
natpa,7,2015-01,2015-02
hellospy,7,2014-08,2016-09
cepsbot,7,2016-03,2016-05
nandrob,7,2013-08,2013-12
droidcupon,7,2012-10,2016-02
ghiaf,7,2018-06,2018-07
spynote,6,2016-07,2018-06
gxwdo,6,2016-04,2016-04
frelect,6,2015-12,2016-09
lightdd,6,2012-03,2017-03
adrd,6,2012-08,2012-10
adrads,6,2012-09,2016-02
gvue,6,2012-06,2015-04
adend,6,2013-08,2017-02
netspoof,6,2012-06,2015-03
dogwin,6,2013-11,2014-04
anserver,6,2012-01,2014-03
aiplay,6,2013-11,2014-06
zypush,6,2013-10,2014-05
ggsux,6,2015-01,2015-03
gdplugin,6,2012-06,2013-05
regon,6,2015-12,2018-06
sivu,6,2015-06,2017-02
kapuser,6,2015-12,2016-05
badao,6,2013-08,2018-06
pokotus,6,2018-08,2018-08
silentinstaller,6,2016-09,2018-07
spyapp,6,2016-05,2016-11
aqad,6,2016-01,2016-03
vsas,6,2013-08,2013-12
coinge,6,2016-08,2016-09
faktvx,6,2013-09,2013-11
pamado,6,2016-06,2018-06
vietsms,6,2013-07,2016-02
gxypr,6,2015-04,2015-05
exynos,6,2012-12,2014-11
fakelogo,5,2012-01,2014-02
inmobi,5,2016-02,2017-06
forav,5,2012-12,2014-11
egame,5,2016-02,2018-06
rufraud,5,2012-01,2012-03
nineap,5,2014-09,2016-03
wqmobile,5,2012-02,2014-08
invis,5,2014-04,2014-06
maxit,5,2012-10,2012-11
darop,5,2014-12,2017-12
dendroid,5,2015-03,2017-06
jfpush,5,2014-10,2016-08
gxacd,5,2013-12,2015-04
uuser,5,2013-04,2013-07
gxana,5,2013-12,2015-01
letv,5,2015-01,2015-03
tascudap,5,2013-01,2013-07
vdloader,5,2012-08,2013-12
txing,5,2014-11,2018-07
fakesite,5,2013-05,2013-08
spyset,5,2012-07,2014-03
adpush,5,2012-11,2015-08
htmlapp,5,2013-10,2014-03
rediassi,5,2012-09,2013-07
gvoa,5,2013-12,2014-10
hipposms,5,2012-02,2014-05
obtes,5,2013-11,2016-02
floodad,5,2013-11,2014-05
systush,5,2013-09,2014-07
highconfidence,5,2014-12,2018-04
tesbo,5,2013-08,2013-12
faceniff,5,2012-01,2014-05
usatek,5,2013-06,2015-01
leapp,5,2015-02,2015-03
elfan,5,2014-11,2018-06
becou,5,2013-11,2016-07
mibvo,5,2015-07,2016-02
xafekopy,5,2017-07,2017-09
semeteme,5,2015-12,2018-07
bauts,5,2015-04,2015-06
haynu,5,2015-12,2018-06
ghiak,5,2018-06,2018-06
mytrackp,5,2018-06,2018-07
wohis,4,2015-01,2015-03
simpo,4,2015-09,2017-09
yypush,4,2014-09,2015-01
gxaqz,4,2015-01,2016-03
smsdel,4,2016-01,2016-06
xrsad,4,2013-12,2014-04
gexin,4,2013-07,2018-11
nioserv,4,2013-11,2015-05
gomunc,4,2014-08,2015-05
gxaho,4,2015-06,2018-07
poohad,4,2012-10,2014-07
reptilicus,4,2013-07,2016-01
biige,4,2012-08,2012-11
gewll,4,2016-08,2016-08
shupup,4,2015-01,2015-05
coobro,4,2015-06,2015-07
smsbomber,4,2012-01,2013-02
krefel,4,2015-01,2016-03
sosceo,4,2012-10,2014-12
mkero,4,2015-07,2018-06
gxocd,4,2016-08,2016-08
supking,4,2013-11,2014-07
nyleaker,4,2012-02,2012-08
gfpho,4,2013-12,2015-01
gvuv,4,2014-08,2014-09
skanik,4,2013-05,2014-06
sadpor,4,2014-01,2018-07
pawen,4,2014-08,2015-03
spyhasb,4,2012-01,2012-03
gxoyy,4,2015-04,2016-04
imessage,4,2013-12,2014-03
malapp,4,2013-01,2015-11
buzztouch,4,2012-02,2013-12
gxama,4,2016-03,2016-03
morepaks,4,2012-12,2015-12
netshell,4,2014-09,2014-11
anti,4,2013-05,2015-01
troom,4,2015-11,2015-12
gxwwe,4,2013-12,2015-06
gxyoq,4,2015-02,2015-04
galf,4,2014-02,2014-10
stiniter,4,2012-08,2012-10
appsgeyser,4,2014-02,2015-01
nimda,4,2014-04,2018-06
hoverwatch,4,2016-07,2018-02
gbqhy,4,2014-01,2015-06
ghhuc,4,2017-10,2018-06
gdimt,4,2018-07,2018-07
smthief,3,2015-04,2015-07
apkq,3,2013-08,2014-02
mekir,3,2014-03,2015-07
remotecode,3,2016-07,2018-03
fakekrbank,3,2014-03,2014-06
gmkuc,3,2015-03,2017-10
killermob,3,2015-11,2016-09
snowfox,3,2016-05,2016-08
sopes,3,2014-01,2014-06
mspy,3,2013-09,2015-03
copycat,3,2012-06,2012-08
dilidi,3,2015-05,2016-02
gxypf,3,2015-03,2015-04
badok,3,2013-08,2013-08
kirko,3,2014-09,2014-11
wateh,3,2013-08,2015-01
senddroid,3,2012-11,2013-03
wannacry,3,2017-08,2017-08
gmobi,3,2015-10,2017-02
gfqyd,3,2013-12,2015-05
kidlogger,3,2015-12,2016-05
raidum,3,2015-03,2015-06
ggsom,3,2014-03,2015-03
jiead,3,2012-11,2013-09
gmuse,3,2012-02,2013-09
fotemain,3,2012-12,2014-11
agentspy,3,2015-01,2015-01
gpty,3,2015-05,2015-05
dqshell,3,2015-02,2015-03
hasad,3,2014-10,2017-03
gxweb,3,2016-04,2016-04
refog,3,2016-06,2016-11
fakesys,3,2016-04,2017-03
fakefort,3,2018-03,2018-06
sandr,3,2014-09,2016-01
nomibi,3,2016-07,2016-12
joynow,3,2014-11,2016-02
gqle,3,2016-08,2016-09
gvub,3,2013-12,2015-08
gvun,3,2014-09,2015-01
sobot,3,2018-05,2018-06
droidrt,3,2015-02,2016-09
accutrack,3,2012-03,2014-12
badpac,3,2015-09,2016-03
recmads,3,2017-04,2018-06
ximad,3,2013-03,2013-06
momomq,3,2015-04,2015-06
mania,3,2012-02,2012-02
ddlins,3,2016-02,2016-06
rootsmart,3,2012-01,2012-06
gabas,3,2014-05,2014-06
mobistealth,3,2016-05,2018-08
gindrodir,3,2015-05,2015-07
flexion,3,2012-03,2012-11
regsms,3,2014-06,2014-10
gxytc,3,2014-12,2015-08
foran,3,2012-06,2013-04
whapsni,3,2012-05,2012-05
gvto,3,2012-02,2018-06
iconosys,3,2012-08,2013-03
spuhmes,3,2014-03,2014-04
gibdy,3,2015-11,2016-07
clevernet,3,2014-09,2018-07
dordrae,3,2012-08,2013-03
kusasesms,3,2012-02,2014-05
soceng,3,2014-01,2014-03
machinleak,3,2015-03,2015-06
gopnok,3,2018-06,2018-06
rotexy,3,2018-06,2018-06
wipelocker,3,2018-06,2018-07
rgenius,3,2018-06,2018-06
bgserv,2,2016-04,2016-06
elpso,2,2013-11,2013-11
applovin,2,2012-08,2014-07
zbot,2,2015-12,2017-12
gdhro,2,2017-01,2017-01
babyjc,2,2014-05,2015-05
spampo,2,2016-01,2018-04
casupsy,2,2015-04,2015-05
gxxox,2,2015-04,2015-05
akaks,2,2016-03,2016-04
skygofree,2,2016-11,2017-10
stagefright,2,2015-08,2015-12
placms,2,2012-11,2012-11
quozha,2,2014-02,2014-02
gxajy,2,2015-01,2015-07
hiddenapps,2,2016-03,2017-11
qplus,2,2013-08,2014-05
gxoem,2,2016-05,2017-02
vitan,2,2015-05,2015-05
lovespy,2,2015-04,2015-07
skeeyah,2,2018-03,2018-11
gxoca,2,2016-08,2016-08
cajino,2,2014-10,2014-10
zsone,2,2013-07,2015-05
trjdropper,2,2015-04,2015-07
coolreaper,2,2015-09,2015-09
loodos,2,2016-06,2016-07
gxxja,2,2015-06,2015-06
deathring,2,2014-11,2014-11
gxwyx,2,2014-04,2014-09
gonesixty,2,2013-06,2013-06
ggezc,2,2017-03,2017-03
waren,2,2013-07,2014-02
lgxin,2,2013-12,2014-02
gxxga,2,2013-07,2013-07
gxwwo,2,2015-04,2015-04
ggtracker,2,2014-05,2014-05
tkplay,2,2014-04,2014-06
youku,2,2016-06,2017-01
fakekrb,2,2013-09,2015-04
secretspy,2,2014-03,2014-04
ghhia,2,2016-10,2016-10
startapp,2,2014-03,2014-04
antares,2,2012-04,2016-02
mbpel,2,2014-04,2014-04
tgpotato,2,2013-06,2013-06
huad,2,2015-02,2015-03
fkav,2,2013-05,2014-03
wifle,2,2013-08,2013-08
aulrin,2,2014-12,2015-01
pplaypush,2,2016-08,2018-06
gxyvn,2,2015-03,2015-05
dataeye,2,2018-06,2018-07
ghhke,2,2015-03,2017-06
gdhur,2,2016-11,2016-11
packmal,2,2016-11,2016-12
phosty,2,2013-03,2013-08
wangdou,2,2014-07,2014-09
gdixb,2,2017-02,2017-04
kimia,2,2014-06,2014-07
infoleak,2,2015-11,2017-10
glooken,2,2015-06,2015-06
rogueurl,2,2017-04,2017-04
mocean,2,2017-10,2017-10
krysanec,2,2014-08,2014-09
alycunis,2,2014-06,2014-09
nickispy,2,2012-08,2013-06
hamob,2,2014-01,2014-02
ghhho,2,2015-05,2015-05
sysch,2,2013-08,2015-09
reefwal,2,2016-10,2017-01
gxofa,2,2016-05,2016-05
meruco,2,2015-10,2016-02
lootor,2,2013-11,2014-06
tgapp,2,2013-06,2013-12
bajaspy,2,2018-05,2018-05
chyapo,2,2014-06,2014-07
gxxii,2,2015-05,2015-05
appwiz,2,2013-11,2013-12
seccert,2,2013-03,2013-04
tachi,2,2015-01,2016-08
pentr,2,2014-02,2014-03
adonekey,2,2014-02,2014-02
gisto,2,2015-08,2015-09
nitmo,2,2014-08,2015-02
perkele,2,2013-07,2013-10
aplog,2,2012-10,2012-11
lockerpin,2,2017-12,2018-06
mazarbot,2,2017-07,2017-07
gxavb,2,2015-05,2015-07
openconnection,2,2015-05,2015-06
plangton,2,2012-02,2013-01
weaksauce,2,2014-03,2015-04
androidlost,2,2016-08,2016-09
morepacks,2,2012-08,2012-11
pdaspy,2,2012-05,2012-09
gxofd,2,2016-07,2016-07
chatleaker,2,2014-02,2014-03
xbot,2,2016-02,2016-03
mobipast,2,2014-12,2017-03
gbqda,2,2013-10,2013-12
grei,2,2015-04,2015-04
fakegplay,2,2015-07,2017-03
ukyadpay,2,2013-09,2013-10
typstu,2,2012-07,2012-10
mobinauten,2,2013-06,2014-02
cellagent,2,2012-12,2013-02
smsstealer,2,2014-02,2014-03
hispo,2,2014-05,2014-08
blocal,2,2014-07,2014-08
eccardinfo,2,2012-06,2012-06
remco,2,2017-10,2018-06
celular,2,2015-08,2017-05
gxavc,2,2016-09,2016-09
posms,2,2014-04,2015-01
gameguardian,2,2018-06,2018-06
gdiyr,2,2017-03,2017-03
toreoc,2,2012-10,2014-06
roidsec,2,2012-11,2013-10
ackposts,2,2012-08,2012-10
kiser,2,2012-02,2012-03
reptilic,2,2017-03,2018-05
ghhiv,2,2016-05,2016-06
gxace,2,2015-05,2015-05
fsm,2,2015-01,2015-05
gxapi,2,2016-05,2016-05
gxwji,2,2016-08,2016-09
qhost,2,2017-10,2018-12
gxzao,2,2014-12,2014-12
gxwyw,2,2015-05,2015-05
gxwcy,2,2015-09,2018-07
gvqu,2,2015-05,2015-05
griu,2,2014-10,2015-04
luespy,2,2015-06,2015-07
ghian,2,2017-02,2018-06
mobtool,2,2017-11,2018-06
intercepter,2,2013-03,2014-07
duggdm,2,2018-06,2018-06
asroot,2,2018-06,2018-06
zealspy,2,2014-03,2015-06
ghiae,2,2018-06,2018-06
humanspy,2,2017-07,2017-08
gxxiq,1,2015-06,2015-06
femto,1,2014-09,2014-09
castil,1,2013-12,2013-12
dkpush,1,2013-11,2013-11
petya,1,2017-09,2017-09
gxzig,1,2016-09,2016-09
patacore,1,2017-06,2017-06
gxbxa,1,2014-04,2014-04
fakeupdate,1,2018-10,2018-10
locame,1,2012-11,2012-11
grsy,1,2016-09,2016-09
gqny,1,2016-06,2016-06
admediav,1,2015-04,2015-04
androidarmour,1,2016-07,2016-07
gbqey,1,2017-02,2017-02
redalert,1,2017-12,2017-12
fetcha,1,2016-01,2016-01
xmbat,1,2016-12,2016-12
carej,1,2014-01,2014-01
ansca,1,2013-09,2013-09
mobextra,1,2016-11,2016-11
gxaon,1,2015-11,2015-11
gpatch,1,2014-11,2014-11
mobiucare,1,2013-11,2013-11
gxyti,1,2015-02,2015-02
gqlad,1,2015-03,2015-03
ooibr,1,2018-11,2018-11
mblyy,1,2018-11,2018-11
trojandrop,1,2017-11,2017-11
coudw,1,2015-05,2015-05
fahsr,1,2014-11,2014-11
banrat,1,2015-05,2015-05
hiddapp,1,2017-08,2017-08
gxarh,1,2016-02,2016-02
gxaqf,1,2016-05,2016-05
oldboot,1,2013-11,2013-11
gmkny,1,2017-03,2017-03
dohogest,1,2014-11,2014-11
gxwxu,1,2015-11,2015-11
mfwua,1,2016-05,2016-05
irtard,1,2017-05,2017-05
kingads,1,2015-11,2015-11
gxanj,1,2015-10,2015-10
gdhru,1,2016-11,2016-11
gvow,1,2015-02,2015-02
gxofj,1,2016-07,2016-07
yzhcsms,1,2013-06,2013-06
remoph,1,2012-10,2012-10
cellshark,1,2012-10,2012-10
omni,1,2012-08,2012-08
smscatch,1,2013-07,2013-07
gvod,1,2014-05,2014-05
gbqez,1,2017-02,2017-02
gdizn,1,2017-03,2017-03
gxamv,1,2015-10,2015-10
gxxiy,1,2015-09,2015-09
fnim,1,2018-09,2018-09
gfpky,1,2013-12,2013-12
gxwfe,1,2014-10,2014-10
gfpwu,1,2017-01,2017-01
gamsms,1,2012-12,2012-12
ggslo,1,2016-04,2016-04
gxani,1,2015-08,2015-08
gfpiz,1,2015-09,2015-09
jdmyq,1,2012-10,2012-10
gewtk,1,2014-05,2014-05
gxyfu,1,2014-10,2014-10
ciban,1,2016-03,2016-03
gvua,1,2014-06,2014-06
gcxgz,1,2017-04,2017-04
pizeg,1,2017-01,2017-01
gfpui,1,2015-04,2015-04
obluck,1,2016-04,2016-04
gxams,1,2015-10,2015-10
fakevoice,1,2013-08,2013-08
yeda,1,2014-03,2014-03
risin,1,2016-03,2016-03
gxamc,1,2015-07,2015-07
voxv,1,2013-05,2013-05
acycors,1,2015-02,2015-02
gxwjo,1,2016-06,2016-06
gdhto,1,2017-02,2017-02
gxagm,1,2015-09,2015-09
navbar,1,2013-03,2013-03
mazig,1,2014-08,2014-08
gvui,1,2014-01,2014-01
fakeplay,1,2012-11,2012-11
paccy,1,2015-05,2015-05
ggdub,1,2016-12,2016-12
ghhon,1,2017-04,2017-04
gmkly,1,2015-08,2015-08
fakedefender,1,2013-05,2013-05
banl,1,2013-09,2013-09
anways,1,2014-12,2014-12
gxyua,1,2015-09,2015-09
gbqde,1,2017-02,2017-02
gmkis,1,2016-04,2016-04
walkinwat,1,2015-01,2015-01
ewdz,1,2018-04,2018-04
asytbdown,1,2015-11,2015-11
smsboxer,1,2012-07,2012-07
dalik,1,2014-11,2014-11
gxwyq,1,2016-07,2016-07
cnnum,1,2014-05,2014-05
lotuseed,1,2017-06,2017-06
gvul,1,2014-10,2014-10
adtraff,1,2013-07,2013-07
gxoel,1,2016-02,2016-02
ghibw,1,2015-04,2015-04
freespy,1,2015-07,2015-07
dianru,1,2012-10,2012-10
gxocz,1,2016-08,2016-08
gfpaj,1,2016-12,2016-12
idubs,1,2014-09,2014-09
gxame,1,2015-09,2015-09
fnoa,1,2018-09,2018-09
gbqha,1,2015-03,2015-03
magwei,1,2013-11,2013-11
govend,1,2014-10,2014-10
xolco,1,2016-05,2016-05
fktime,1,2013-05,2013-05
gdizf,1,2017-03,2017-03
zmdownload,1,2014-02,2014-02
demas,1,2013-12,2013-12
suaban,1,2016-07,2016-07
ropin,1,2012-07,2012-07
premiumtext,1,2014-03,2014-03
sxjolly,1,2013-09,2013-09
yllmq,1,2016-08,2016-08
andtools,1,2014-04,2014-04
winkad,1,2014-08,2014-08
chiye,1,2016-09,2016-09
adsms,1,2013-02,2013-02
smsblocker,1,2014-09,2014-09
gxwri,1,2014-08,2014-08
kevdroid,1,2018-04,2018-04
gxavx,1,2015-05,2015-05
gqkom,1,2017-05,2017-05
gbqby,1,2015-04,2015-04
mainjt,1,2014-04,2014-04
nawiaiad,1,2012-11,2012-11
opda,1,2014-03,2014-03
kyhub,1,2016-06,2016-06
cellspy,1,2013-10,2013-10
hiddeninstall,1,2013-09,2013-09
gqiz,1,2016-02,2016-02
infostl,1,2014-01,2014-01
gosj,1,2013-06,2013-06
gvok,1,2015-05,2015-05
gviy,1,2014-04,2014-04
gvuh,1,2014-09,2014-09
gxwzo,1,2016-01,2016-01
gmaster,1,2014-03,2014-03
ghhlo,1,2016-05,2016-05
adwizp,1,2012-03,2012-03
gxanp,1,2015-10,2015-10
ventica,1,2015-07,2015-07
grae,1,2015-03,2015-03
spyhuman,1,2016-09,2016-09
gdiso,1,2012-02,2012-02
wipelock,1,2014-09,2014-09
privacyrisk,1,2015-01,2015-01
ghice,1,2015-08,2015-08
ydcky,1,2016-10,2016-10
iserdal,1,2014-09,2014-09
gdito,1,2015-04,2015-04
gxoxv,1,2013-12,2013-12
gxwxy,1,2014-07,2014-07
gdicp,1,2015-04,2015-04
gxafo,1,2014-11,2014-11
gsyn,1,2015-06,2015-06
lerpek,1,2015-11,2015-11
remosm,1,2012-11,2012-11
faqwt,1,2018-11,2018-11
frebro,1,2013-01,2013-01
reddawn,1,2018-03,2018-03
gxzuo,1,2014-09,2014-09
gxauw,1,2016-08,2016-08
mixi,1,2018-09,2018-09
gxapl,1,2016-09,2016-09
gexzt,1,2017-08,2017-08
gxaxb,1,2015-04,2015-04
dplug,1,2014-08,2014-08
gato,1,2017-09,2017-09
spbot,1,2014-03,2014-03
doods,1,2013-12,2013-12
ownspy,1,2015-02,2015-02
gxlav,1,2014-03,2014-03
gxofc,1,2016-07,2016-07
sildwnld,1,2014-07,2014-07
gqij,1,2016-02,2016-02
gdiyq,1,2017-03,2017-03
spyphone,1,2016-05,2016-05
letu,1,2013-12,2013-12
ggtym,1,2016-10,2016-10
gxzyo,1,2015-08,2015-08
ggsny,1,2017-02,2017-02
ghixe,1,2013-08,2013-08
funtasy,1,2014-04,2014-04
anwb,1,2013-10,2013-10
hoaber,1,2015-07,2015-07
gxaqy,1,2016-04,2016-04
gxoen,1,2016-05,2016-05
ghicx,1,2015-01,2015-01
gfpyt,1,2016-10,2016-10
gmkno,1,2015-03,2015-03
zhidian,1,2013-09,2013-09
pyrof,1,2014-12,2014-12
gfplu,1,2016-02,2016-02
ggeem,1,2016-03,2016-03
gxzih,1,2015-06,2015-06
fant,1,2017-10,2017-10
wihack,1,2017-12,2017-12
kuikui,1,2016-06,2016-06
gxauh,1,2014-12,2014-12
regrun,1,2015-03,2015-03
gxxki,1,2015-09,2015-09
gxwwu,1,2015-03,2015-03
crosate,1,2014-08,2014-08
hundtage,1,2013-07,2013-07
ghibb,1,2014-09,2014-09
viking,1,2013-10,2013-10
sensmt,1,2016-01,2016-01
malebook,1,2012-10,2012-10
polip,1,2014-06,2014-06
stoqx,1,2013-01,2013-01
oncsms,1,2014-04,2014-04
virut,1,2017-01,2017-01
gvud,1,2015-08,2015-08
badnew,1,2013-04,2013-04
tiggre,1,2013-08,2013-08
gxaoa,1,2015-10,2015-10
gdiwc,1,2016-12,2016-12
gxatt,1,2016-08,2016-08
gdhuw,1,2016-10,2016-10
grxu,1,2014-06,2014-06
porfa,1,2013-03,2013-03
spamsold,1,2012-12,2012-12
bruad,1,2015-11,2015-11
rakys,1,2013-10,2013-10
gdhud,1,2016-09,2016-09
gfqyk,1,2013-12,2013-12
samsapo,1,2014-07,2014-07
goyear,1,2014-02,2014-02
intercep,1,2013-09,2013-09
gdizj,1,2017-03,2017-03
gxxka,1,2016-02,2016-02
tutkx,1,2018-03,2018-03
presenoker,1,2014-08,2014-08
gbqdo,1,2013-01,2013-01
aeyj,1,2013-05,2013-05
gxytg,1,2015-03,2015-03
mocen,1,2018-09,2018-09
anfs,1,2015-02,2015-02
gbqye,1,2013-12,2013-12
tapcore,1,2018-07,2018-07
gxziy,1,2014-12,2014-12
zanmer,1,2014-08,2014-08
ghhly,1,2016-09,2016-09
bule,1,2015-12,2015-12
stealthcell,1,2016-11,2016-11
poposerv,1,2015-05,2015-05
refake,1,2012-04,2012-04
grammstealer,1,2017-12,2017-12
grej,1,2015-03,2015-03
morcut,1,2015-08,2015-08
ssucl,1,2012-11,2012-11
atsdk,1,2016-03,2016-03
adrotoob,1,2014-04,2014-04
tetus,1,2014-06,2014-06
gxzag,1,2014-11,2014-11
gxarc,1,2013-08,2013-08
towelexploit,1,2014-08,2014-08
gxxok,1,2014-11,2014-11
mohmoh,1,2014-02,2014-02
gpuv,1,2014-01,2014-01
fiforeg,1,2015-05,2015-05
slbin,1,2015-05,2015-05
ghhie,1,2015-04,2015-04
gxamm,1,2016-02,2016-02
losnil,1,2015-10,2015-10
coolpaperleak,1,2014-05,2014-05
andcom,1,2013-01,2013-01
neospy,1,2017-03,2017-03
helos,1,2013-04,2013-04
fidall,1,2012-07,2012-07
multibar,1,2012-05,2012-05
zezj,1,2018-02,2018-02
ggsot,1,2013-12,2013-12
gxanh,1,2016-02,2016-02
gdhte,1,2017-04,2017-04
gfpva,1,2012-11,2012-11
gupay,1,2015-01,2015-01
xsider,1,2012-11,2012-11
tacln,1,2015-01,2015-01
bamd,1,2013-09,2013-09
plagsh,1,2015-09,2015-09
gdimn,1,2015-02,2015-02
smsgol,1,2012-10,2012-10
gdikv,1,2015-04,2015-04
gqam,1,2015-12,2015-12
anzhu,1,2016-07,2016-07
kysn,1,2014-11,2014-11
gapp,1,2012-08,2012-08
pelavyr,1,2014-11,2014-11
applesrv,1,2012-02,2012-02
zapch,1,2016-12,2016-12
ydcjz,1,2018-02,2018-02
smser,1,2012-12,2012-12
smsrep,1,2012-11,2012-11
ggdsu,1,2016-10,2016-10
ggsma,1,2017-01,2017-01
gxapj,1,2014-12,2014-12
qqspy,1,2017-03,2017-03
mailspy,1,2014-07,2014-07
gmkin,1,2016-08,2016-08
crusewind,1,2014-05,2014-05
airad,1,2014-08,2014-08
gogofi,1,2015-06,2015-06
sacto,1,2016-05,2016-05
rovelap,1,2016-06,2016-06
gxais,1,2015-06,2015-06
gxyny,1,2014-09,2014-09
gbqec,1,2017-02,2017-02
habec,1,2014-06,2014-06
gxwiy,1,2015-02,2015-02
skplanet,1,2013-03,2013-03
waller,1,2014-03,2014-03
gdiol,1,2015-03,2015-03
itcrj,1,2018-09,2018-09
cardbuyer,1,2014-04,2014-04
desertscorpion,1,2018-04,2018-04
nisev,1,2012-04,2012-04
gdizy,1,2017-03,2017-03
lotusid,1,2017-08,2017-08
smsir,1,2013-04,2013-04
ftikser,1,2014-09,2014-09
smbot,1,2013-10,2013-10
gqii,1,2015-04,2015-04
chainlod,1,2014-03,2014-03
smsref,1,2012-09,2012-09
gxaiy,1,2015-06,2015-06
smpho,1,2014-11,2014-11
toofan,1,2017-02,2017-02
soundy,1,2018-08,2018-08
weuzo,1,2018-11,2018-11
ewalls,1,2012-07,2012-07
gdizz,1,2017-03,2017-03
gxatg,1,2016-04,2016-04
afora,1,2012-09,2012-09
gfpsi,1,2016-11,2016-11
doublelocker,1,2017-10,2017-10
andut,1,2018-07,2018-07
mempodroid,1,2014-03,2014-03
lemon,1,2012-10,2012-10
ghhsi,1,2016-09,2016-09
ggsun,1,2017-04,2017-04
pegasus,1,2016-02,2016-02
gthzy,1,2013-12,2013-12
gxofh,1,2016-06,2016-06
honli,1,2015-04,2015-04
gbqdu,1,2017-10,2017-10
gewps,1,2016-11,2016-11
reflod,1,2018-05,2018-05
ggest,1,2015-03,2015-03
sadors,1,2015-06,2015-06
gxytp,1,2015-09,2015-09
gxafk,1,2015-06,2015-06
bcoro,1,2015-08,2015-08
fogo,1,2013-11,2013-11
gdirj,1,2015-04,2015-04
kaka,1,2017-01,2017-01
chathook,1,2014-06,2014-06
gxyvm,1,2015-01,2015-01
smssniffer,1,2012-05,2012-05
gvlo,1,2014-08,2014-08
ppoer,1,2017-01,2017-01
penepes,1,2015-12,2015-12
norex,1,2015-12,2015-12
gxwey,1,2016-09,2016-09
smsforw,1,2016-12,2016-12
mintmobi,1,2015-09,2015-09
apkquq,1,2014-01,2014-01
pircob,1,2017-04,2017-04
sendpay,1,2012-02,2012-02
gxabr,1,2015-05,2015-05
malct,1,2017-03,2017-03
ggecf,1,2013-12,2013-12
fabac,1,2015-04,2015-04
gxagg,1,2017-12,2017-12
gfpuq,1,2015-05,2015-05
gxoym,1,2016-05,2016-05
blacklister,1,2018-05,2018-05
gdhus,1,2016-11,2016-11
talp,1,2018-06,2018-06
gmkui,1,2017-10,2017-10
gexxg,1,2017-10,2017-10
fituw,1,2018-06,2018-06
felnkh,1,2018-06,2018-06
revk,1,2018-06,2018-06
itracker,1,2018-01,2018-01
ggtzo,1,2017-08,2017-08
gxyxp,1,2018-07,2018-07
muetan,1,2015-12,2015-12
ukpa,1,2017-06,2017-06
judy,1,2016-01,2016-01
ghizd,1,2018-07,2018-07
cerekv,1,2018-07,2018-07
panev,1,2016-12,2016-12
faab,1,2018-06,2018-06
davitor,1,2018-06,2018-06
gxyxj,1,2018-07,2018-07
stesec,1,2018-06,2018-06
xippa,1,2017-10,2017-10
nagaprotect,1,2018-07,2018-07
wirex,1,2018-07,2018-07
waptri,1,2018-07,2018-07
lirose,1,2018-06,2018-06
dbtes,1,2018-06,2018-06
arvtz,1,2018-06,2018-06
wannalocker,1,2017-10,2017-10
itga,1,2017-10,2017-10
slic,1,2018-06,2018-06
facestealer,1,2018-06,2018-06
wedo,1,2018-07,2018-07
gxxoc,1,2018-07,2018-07
darrre,1,2018-06,2018-06
ghiag,1,2018-07,2018-07
ghiaj,1,2018-06,2018-06
gxand,1,2018-07,2018-07
lockdroid,1,2018-06,2018-06
ghibr,1,2018-07,2018-07
pyls,1,2015-12,2015-12
ggels,1,2018-07,2018-07
ghibe,1,2018-06,2018-06
anubis,1,2018-06,2018-06
gewpi,1,2018-06,2018-06
grie,1,2018-06,2018-06
eicar,1,2013-07,2013-07
ghial,1,2018-06,2018-06
trackme,1,2015-11,2015-11
sniffer,1,2015-11,2015-11
