airpush,8135,2012-01,2018-07
smsreg,3338,2012-07,2018-12
gappusin,1595,2012-02,2018-12
fakeinst,1557,2012-01,2018-07
youmi,1459,2012-02,2018-11
dowgin,1333,2013-04,2018-11
adwo,1023,2012-02,2018-11
kuguo,750,2012-02,2018-07
secapk,634,2013-09,2018-11
droidkungfu,628,2012-01,2018-06
mseg,362,2013-08,2018-06
plankton,317,2012-01,2018-06
skymobi,253,2013-05,2018-07
wooboo,238,2012-02,2018-07
leadbolt,229,2012-02,2018-07
adflex,223,2014-01,2018-06
boqx,211,2012-11,2016-01
ginmaster,178,2012-02,2018-07
umpay,150,2013-01,2018-10
domob,142,2012-02,2018-07
gumen,140,2013-09,2013-12
opfake,130,2012-03,2016-09
systemmonitor,120,2014-02,2017-08
shedun,119,2015-04,2018-08
kmin,114,2012-06,2017-03
minimob,111,2013-08,2016-06
androrat,108,2012-12,2018-07
kyview,97,2013-04,2018-11
hiddad,96,2016-05,2018-11
admogo,93,2013-09,2018-07
tekwon,87,2012-10,2018-07
viser,86,2012-04,2018-07
mobidash,81,2014-08,2018-06
cimsci,79,2013-09,2017-04
wkload,77,2013-11,2015-04
mecor,77,2013-12,2015-09
erop,74,2013-09,2018-06
hiddenapp,67,2016-05,2018-03
smsspy,67,2012-03,2018-11
triada,60,2015-01,2018-06
fakeapp,58,2012-08,2018-12
marcher,56,2014-06,2016-04
cova,56,2013-10,2017-07
nqshield,55,2014-04,2018-07
revmob,54,2013-04,2018-07
apptrack,53,2015-01,2018-10
levida,42,2015-04,2016-05
ramnit,40,2014-10,2018-08
nandrobox,40,2012-03,2015-02
guerrilla,36,2015-09,2018-08
obad,36,2013-05,2018-06
fictus,35,2015-01,2018-06
rootnik,31,2014-10,2018-06
dianle,31,2013-05,2016-05
zitmo,30,2012-04,2014-08
ksapp,30,2012-07,2018-06
uupay,29,2013-10,2016-05
golddream,29,2012-01,2014-06
hipposms,28,2012-02,2018-07
koler,28,2014-04,2018-06
sprovider,28,2016-06,2017-11
mobwin,27,2012-06,2018-07
boxer,26,2012-03,2016-07
feejar,25,2013-05,2015-06
lotoor,25,2013-05,2018-06
seldor,24,2018-06,2018-06
updtkiller,23,2012-09,2014-04
fujacks,22,2012-07,2016-03
mobiletx,22,2012-02,2013-11
igexin,21,2013-08,2018-07
andup,21,2013-06,2015-04
mmarketpay,21,2012-10,2014-09
fjcon,20,2012-08,2016-09
wapron,19,2017-07,2018-09
kingroot,19,2013-09,2015-04
fobus,19,2014-01,2018-06
vmvol,16,2013-03,2017-01
frupi,16,2013-05,2017-06
appoffer,16,2013-01,2018-07
cnzz,15,2013-12,2018-09
fakeplayer,14,2012-02,2013-10
faketimer,14,2012-02,2013-04
wifikill,14,2013-01,2015-09
spyoo,13,2012-03,2016-09
callflakes,13,2013-10,2018-07
smforw,13,2013-08,2016-08
yzhc,12,2012-05,2014-12
droiddreamlight,12,2012-03,2014-08
qysly,12,2014-05,2017-08
spybubble,12,2012-08,2013-09
cynos,11,2014-06,2018-07
gedma,10,2014-03,2018-06
basebridge,10,2012-01,2014-05
gamex,10,2012-05,2012-10
adviator,10,2015-05,2016-09
univert,10,2013-11,2013-11
leech,10,2014-05,2016-03
autoins,10,2015-04,2017-03
jifake,10,2012-01,2012-09
kalfere,9,2015-06,2018-06
smskey,9,2013-06,2015-08
syringe,9,2016-07,2018-11
geinimi,9,2012-02,2013-06
metasploit,9,2017-10,2018-06
droidrooter,8,2015-11,2017-07
uten,8,2013-07,2015-04
smszombie,8,2012-08,2018-06
commplat,8,2013-12,2015-11
qumi,7,2013-12,2018-07
mobisec,7,2015-02,2017-08
ztorg,7,2016-03,2016-08
fakeguard,7,2012-10,2013-09
hypay,7,2016-08,2018-11
penetho,7,2012-02,2012-11
seaweth,7,2012-01,2013-11
fadeb,7,2014-10,2018-11
wificrack,7,2013-09,2018-05
wintertiger,7,2014-05,2015-11
ganlet,6,2012-07,2018-06
qdplugin,6,2013-04,2015-03
droidsheep,6,2012-05,2014-02
uapush,6,2012-06,2014-02
mobcore,6,2018-06,2018-06
netspoof,6,2012-06,2015-03
jedan,6,2013-12,2014-11
feiwo,5,2015-04,2018-11
txing,5,2014-11,2018-07
dnotua,5,2018-10,2018-11
tesbo,5,2013-08,2013-12
maxit,5,2012-10,2012-11
droidap,5,2013-03,2015-02
loki,5,2016-02,2016-06
pushad,5,2013-08,2018-07
ogel,5,2013-09,2013-11
pjapps,5,2012-07,2013-07
tascudap,5,2013-01,2013-07
koomer,5,2014-01,2015-03
helir,5,2014-01,2014-07
trackplus,5,2012-12,2014-03
gizmo,5,2013-05,2015-01
ewind,5,2015-12,2018-06
faceniff,5,2012-01,2014-05
uuser,5,2013-04,2013-07
smspay,5,2014-11,2018-04
nimda,4,2014-04,2018-06
adend,4,2013-08,2014-10
tispy,4,2014-03,2015-03
vnapstore,4,2015-02,2015-06
alycunis,4,2014-06,2015-01
vsas,4,2013-08,2013-12
aiplay,4,2014-02,2014-05
usatek,4,2013-11,2015-01
rediassi,4,2012-09,2013-07
cooee,4,2014-09,2015-01
fengvi,4,2013-10,2014-12
dsploit,4,2012-11,2015-03
smcc,4,2013-12,2014-04
stiniter,4,2012-08,2012-10
mobilespy,4,2012-03,2013-03
spyhasb,4,2012-01,2012-03
kirko,3,2014-09,2014-11
flexion,3,2012-03,2012-11
mobby,3,2016-10,2017-05
styricka,3,2016-12,2018-10
mania,3,2012-02,2012-02
gabas,3,2014-05,2014-06
cyfin,3,2015-01,2018-06
mspy,3,2013-09,2015-03
lien,3,2013-10,2013-11
iconosys,3,2012-08,2013-03
kidlogger,3,2015-12,2016-05
rootsmart,3,2012-01,2012-06
moavt,3,2014-02,2014-10
ximad,3,2013-03,2013-06
accutrack,3,2012-03,2014-12
steek,3,2012-01,2012-01
vdloader,3,2012-08,2012-09
cardserv,3,2014-02,2014-05
vidro,3,2013-11,2013-11
shixot,3,2014-05,2014-05
zypush,3,2013-10,2014-02
wiyun,3,2012-07,2013-10
gmuse,3,2012-02,2013-09
systush,2,2013-09,2014-07
tramp,2,2013-09,2013-09
pdaspy,2,2012-05,2012-09
zdtad,2,2014-10,2014-12
ldpinch,2,2013-11,2015-07
appad,2,2016-08,2017-09
cellagent,2,2012-12,2013-02
appwiz,2,2013-11,2013-12
eccardinfo,2,2012-06,2012-06
senddroid,2,2012-11,2012-12
nineap,2,2014-09,2014-10
nickyspy,2,2012-08,2013-06
gmobi,2,2015-10,2017-02
phosty,2,2013-03,2013-08
soceng,2,2014-01,2014-03
joye,2,2013-08,2015-01
wqmobile,2,2012-02,2012-11
trogle,2,2014-08,2014-08
biige,2,2012-08,2012-11
dianjin,2,2013-12,2014-04
mobipast,2,2014-12,2017-03
aulrin,2,2014-12,2015-01
coolreaper,2,2015-09,2015-09
stagefright,2,2015-08,2015-12
voxv,2,2012-09,2013-05
roop,2,2015-10,2015-10
ackposts,2,2012-08,2012-10
pandaad,2,2015-03,2015-03
utchi,2,2012-11,2013-07
youku,2,2016-06,2017-01
chatleaker,2,2014-02,2014-03
jsmshider,2,2013-07,2015-05
qplus,2,2013-08,2014-05
jiagu,2,2016-12,2018-03
callpay,2,2014-10,2015-12
coudw,1,2015-05,2015-05
ownspy,1,2015-02,2015-02
sosceo,1,2012-11,2012-11
remosm,1,2012-11,2012-11
babyjc,1,2015-05,2015-05
appsgeyser,1,2014-02,2014-02
haynu,1,2018-06,2018-06
odpa,1,2013-11,2013-11
fakevoice,1,2013-08,2013-08
svpeng,1,2013-11,2013-11
krysanec,1,2014-08,2014-08
sinpon,1,2013-10,2013-10
badao,1,2013-08,2013-08
hundtage,1,2013-07,2013-07
winge,1,2013-09,2013-09
wannacry,1,2017-08,2017-08
wifle,1,2013-08,2013-08
tachi,1,2016-08,2016-08
xbot,1,2015-12,2015-12
nioserv,1,2015-05,2015-05
fidall,1,2012-07,2012-07
stesec,1,2018-06,2018-06
baiduprotect,1,2016-02,2016-02
pircob,1,2017-04,2017-04
raden,1,2013-07,2013-07
applovin,1,2012-08,2012-08
badok,1,2013-09,2013-09
gonesixty,1,2013-06,2013-06
usbcleaver,1,2012-09,2012-09
reaper,1,2015-05,2015-05
torec,1,2014-02,2014-02
oimobi,1,2015-09,2015-09
wroba,1,2014-06,2014-06
anydown,1,2015-04,2015-04
jisut,1,2016-04,2016-04
antares,1,2012-04,2012-04
crusewind,1,2014-05,2014-05
banrat,1,2015-05,2015-05
becou,1,2014-02,2014-02
omni,1,2012-08,2012-08
anti,1,2014-12,2014-12
drosel,1,2016-03,2016-03
locame,1,2012-11,2012-11
floodad,1,2013-11,2013-11
rakys,1,2013-10,2013-10
sendpay,1,2012-02,2012-02
avpass,1,2015-10,2015-10
mokey,1,2015-02,2015-02
fituw,1,2018-06,2018-06
kevdroid,1,2018-04,2018-04
fakefort,1,2018-06,2018-06
lemon,1,2012-10,2012-10
foran,1,2013-04,2013-04
douwan,1,2013-10,2013-10
soundy,1,2018-08,2018-08
funtasy,1,2014-04,2014-04
itracker,1,2018-01,2018-01
snoop,1,2018-07,2018-07
xinyinhe,1,2015-05,2015-05
chathook,1,2014-06,2014-06
spyset,1,2013-05,2013-05
dalik,1,2014-11,2014-11
typstu,1,2012-10,2012-10
ansca,1,2013-09,2013-09
tediss,1,2015-03,2015-03
sadpor,1,2014-11,2014-11
fogod,1,2015-05,2015-05
gudex,1,2014-07,2014-07
skygofree,1,2016-11,2016-11
locker,1,2015-12,2015-12
lovetrap,1,2014-05,2014-05
oldboot,1,2013-11,2013-11
mogap,1,2013-07,2013-07
smsthief,1,2014-09,2014-09
smsir,1,2013-04,2013-04
helos,1,2013-04,2013-04
ssucl,1,2012-11,2012-11
kiser,1,2012-02,2012-02
apkq,1,2014-02,2014-02
tetus,1,2014-06,2014-06
battpatch,1,2014-11,2014-11
bintal,1,2013-03,2013-03
