dowgin,561,2012-06-01 16:37:55 -> 2013-11-12 13:48:13,561,2013-11-12 13:48:18 -> 2013-11-14 08:00:18,773,879,1183,4306,1145
smsspy,54,2012-03-23 03:50:30 -> 2014-01-20 14:59:39,54,2014-01-30 00:12:19 -> 2014-06-06 17:17:24,325,290,319,317,612
hiddad,69,2015-11-09 10:59:55 -> 2016-12-29 16:13:43,69,2017-01-03 06:00:51 -> 2017-08-25 23:08:37,1322,1814,1375,2767,1111
triada,277,2015-01-24 18:31:56 -> 2016-03-05 12:43:43,277,2016-03-05 12:44:31 -> 2017-10-20 01:00:32,671,892,1135,2991,3354
mecor,163,2013-09-11 12:25:02 -> 2014-06-12 05:15:33,163,2014-06-12 05:17:36 -> 2014-06-30 07:22:41,1507,11,0,1,0
skymobi,153,2013-05-25 08:49:10 -> 2014-07-04 04:48:11,153,2014-07-06 01:40:12 -> 2014-10-08 15:28:31,1098,1624,1171,1756,1845
dnotua,107,2012-09-05 01:52:44 -> 2018-06-19 01:26:19,107,2018-06-19 01:58:32 -> 2018-08-01 07:50:36,441,533,474,1645,5202
fusob,130,2015-04-03 11:29:51 -> 2015-11-15 11:48:07,130,2015-11-15 11:50:16 -> 2015-11-20 02:38:52,127,78,32,141,71
youmi,229,2012-02-09 18:18:09 -> 2012-11-01 01:05:18,229,2012-11-01 03:48:08 -> 2013-05-09 04:10:12,989,1180,926,2015,1872
fakeinst,175,2012-01-27 19:40:39 -> 2012-10-14 11:48:45,175,2012-10-14 11:48:46 -> 2013-04-23 19:14:14,293,28,18,127,334
smspay,407,2012-02-15 06:34:05 -> 2014-05-31 21:50:47,407,2014-05-31 22:35:15 -> 2015-01-24 14:42:07,1135,1186,1198,2508,4488
artemis,97,2012-01-10 18:07:03 -> 2013-11-14 10:56:21,97,2013-11-14 11:32:47 -> 2013-12-18 18:10:22,446,412,403,1652,2026
airpush,943,2012-01-20 03:29:10 -> 2012-12-02 12:55:01,943,2012-12-02 17:01:26 -> 2013-05-07 04:12:31,2232,1532,1627,2856,2484
secapk,104,2013-09-24 15:09:53 -> 2014-04-03 10:12:10,104,2014-04-03 10:15:15 -> 2014-08-24 16:34:01,464,167,101,131,3
hiddenapp,62,2014-07-27 05:06:21 -> 2016-02-07 17:17:26,62,2016-02-14 17:34:26 -> 2016-05-09 14:45:30,1199,839,589,3422,369
waps,112,2012-01-10 11:47:08 -> 2013-07-29 08:57:59,112,2013-08-01 04:33:03 -> 2013-10-16 04:17:41,875,965,859,1762,1263
kuguo,222,2012-02-06 02:10:13 -> 2012-11-02 21:54:39,222,2012-11-02 22:37:45 -> 2013-08-25 23:59:02,1107,1315,1103,1699,1411
plankton,58,2012-01-06 14:22:47 -> 2012-08-12 04:01:12,58,2012-08-12 10:45:16 -> 2012-09-28 23:44:15,675,978,537,716,1222
lotoor,52,2012-01-04 09:00:35 -> 2012-09-02 10:23:29,52,2012-09-02 10:23:29 -> 2012-11-07 10:03:50,397,492,324,591,643
smsreg,2173,2012-02-10 14:57:04 -> 2014-11-10 16:04:03,2173,2014-11-10 20:13:50 -> 2015-03-20 06:25:12,2144,3037,3524,4988,3104
shedun,395,2014-06-05 07:37:21 -> 2018-06-18 18:35:49,395,2018-06-18 18:36:07 -> 2018-08-03 23:15:37,11,21,7,33,0
opfake,141,2012-01-12 12:54:44 -> 2012-11-20 10:15:25,141,2012-11-20 10:17:18 -> 2013-01-17 10:19:59,35,50,45,257,59
boxer,302,2012-01-29 21:55:40 -> 2012-06-18 15:04:48,302,2012-06-18 15:04:49 -> 2012-06-18 17:17:26,99,52,1,8,0
wapsx,96,2012-02-09 18:38:37 -> 2013-07-01 16:29:02,96,2013-07-10 04:44:14 -> 2013-08-23 17:24:54,566,954,708,1455,1837
utchi,55,2012-11-01 07:49:16 -> 2013-11-04 06:07:21,55,2013-11-04 06:21:09 -> 2013-11-28 09:04:44,182,105,67,162,29
adwo,174,2012-01-18 15:56:20 -> 2012-09-26 13:37:34,174,2012-09-26 13:37:53 -> 2012-11-17 17:25:47,1128,1892,1406,1661,882
appquanta,53,2013-10-21 05:00:42 -> 2013-11-22 09:03:49,53,2013-11-22 09:03:51 -> 2013-12-26 11:16:10,969,27,0,0,4
hiddenads,72,2014-08-14 15:07:28 -> 2015-03-30 13:33:47,72,2015-03-31 03:29:28 -> 2016-04-09 15:20:18,248,215,173,419,2944
smforw,55,2013-05-03 11:50:19 -> 2013-12-29 21:09:17,55,2014-01-06 02:53:22 -> 2014-10-18 06:06:53,544,231,192,239,1160
admogo,58,2012-02-11 22:16:01 -> 2013-12-12 08:52:01,58,2013-12-12 08:52:11 -> 2013-12-12 13:02:53,392,541,430,2608,432
